source_address,lei,entity_name,lei_record_url,error
AZURA Credit Union,549300CPT4UV65RIEU74,Azura Credit Union,https://api.gleif.org/api/v1/lei-records/549300CPT4UV65RIEU74,
PFCU ,2549008NRAZRGNG0TT58,,,no_match
Pelican State Credit Union,25490058TX0QV62WQ461,,,no_match
TRUE SKY Credit Union,549300M2HFFTNLBO7R56,TRUE SKY CREDIT UNION,https://api.gleif.org/api/v1/lei-records/549300M2HFFTNLBO7R56,
SACRAMENTO Credit Union,549300Z66NI4HM439O26,SACRAMENTO Credit Union,https://api.gleif.org/api/v1/lei-records/549300Z66NI4HM439O26,
Air Academy Federal Credit Union ,549300ELXS6PBT8OEE44,,,no_match
NATIONAL INSTITUTES OF HEALTH FEDERAL CREDIT UNION ,5493007KLU19FK8PG279,,,no_match
INTOUCH Credit Union,549300L7HZ4C5U35BO37,INTOUCH CREDIT UNION,https://api.gleif.org/api/v1/lei-records/549300L7HZ4C5U35BO37,
MID MINNESOTA Credit Union,,,,no_match
SMART FINANCIAL Credit Union,549300Z54IIB4Q3AKI90,SMART FINANCIAL CREDIT UNION,https://api.gleif.org/api/v1/lei-records/549300Z54IIB4Q3AKI90,
1ST NORTHERN CALIFORNIA,549300PUF6BDR1QRB167,,,no_match
Direct Federal Credit Union ,5493008Q2ZM3OTLTQH25,,,no_match
FOOTHILL Credit Union,5493004V3AW2SVUJ5U52,FOOTHILLS CREDIT UNION,https://api.gleif.org/api/v1/lei-records/5493004V3AW2SVUJ5U52,
TEXELL Credit Union,549300BDFK1ZR5QSYO15,TEXELL Credit Union,https://api.gleif.org/api/v1/lei-records/549300BDFK1ZR5QSYO15,
HAWAII COMMUNITY Credit Union,5493005VBGFDRV6FSU19,,,no_match
DEPARTMENT OF COMMERCE,549300U8E8RBG5YNMP39,,,no_match
SERVICE 1ST Credit Union,549300DQW5P73YGBL063,,,no_match
FAMILY TRUST Credit Union,,,,no_match
LA CAPITOL Credit Union,549300V1ZDKDQXFW3339,,,no_match
DOVER-PHILA Credit Union,,,,no_match
POLISH NATIONAL Credit Union,549300FQS3UXEAID1Q88,POLISH NATIONAL CREDIT UNION,https://api.gleif.org/api/v1/lei-records/549300FQS3UXEAID1Q88,
MAINE STATE Credit Union,254900PP57SEJJCWLI44,Maine State Credit Union,https://api.gleif.org/api/v1/lei-records/254900PP57SEJJCWLI44,
CARIBE Credit Union,254900KMMJNL0IJNSM73,,,no_match
THE FIRST FINANCIAL FEDERAL CREDIT UNION,54930074FI0I2Q6G5S43,,,no_match
FREEDOM Credit Union,2549006HJBA7HTOZF285,Freedom Credit Union,https://api.gleif.org/api/v1/lei-records/2549006HJBA7HTOZF285,
SEA COMM,549300Z2IS3ZCJG3OT45,,,no_match
Generations Community Federal Credit Union - ,549300UX6CADCIYJ3506,,,no_match
CARTER FEDERAL CREDIT UNION,549300CKG3JGNHH34D61,,,no_match
UNIVERSITY OF ILLINOIS COMMUNITY Credit Union,549300MD1OK70DH5EZ47,University of Illinois Community Credit Union,https://api.gleif.org/api/v1/lei-records/549300MD1OK70DH5EZ47,
TOWN AND COUNTRY Credit Union,5493000JZXUB8NOEMF64,TOWN AND COUNTRY Credit Union,https://api.gleif.org/api/v1/lei-records/5493000JZXUB8NOEMF64,
FRONTIER Credit Union,,,,no_match
PROFED Credit Union,549300BSIYFJ3FALVK78,PROFED CREDIT UNION,https://api.gleif.org/api/v1/lei-records/549300BSIYFJ3FALVK78,
GRANITE STATE Credit Union,254900O6ESF124P8HR04,GRANITE STATE CREDIT UNION,https://api.gleif.org/api/v1/lei-records/254900O6ESF124P8HR04,
ARIZONA CENTRAL Credit Union,549300A76WI58XAFNF59,ARIZONA CENTRAL CREDIT UNION,https://api.gleif.org/api/v1/lei-records/549300A76WI58XAFNF59,
RELIANT COMMUNITY FEDERAL CREDIT UNION,549300E3VF26P7719Z56,,,no_match
PRIMEWAY Credit Union,,,,no_match
WE FLORIDA FINANCIAL Credit Union,,,,no_match
NUTMEG STATE FINANCIAL Credit Union,,,,no_match
DAKOTALAND Credit Union,,,,no_match
MERIDIAN TRUST Credit Union,,,,no_match
USC Credit Union,2549001EL4XFDHGNJO24,USC Credit Union,https://api.gleif.org/api/v1/lei-records/2549001EL4XFDHGNJO24,
RADIFI Credit Union,,,,no_match
UMASSFIVE COLLEGE Credit Union,,,,no_match
NORTHLAND AREA Credit Union,,,,no_match
ARMCO Credit Union,549300YL0FE99QLVY380,ARMCO CREDIT UNION,https://api.gleif.org/api/v1/lei-records/549300YL0FE99QLVY380,
SUPERIOR CHOICE Credit Union,5493008BSTI0PQR0IL08,Superior Choice Credit Union,https://api.gleif.org/api/v1/lei-records/5493008BSTI0PQR0IL08,
SPERO FINANCIAL Credit Union,,,,no_match
LOKAHI Credit Union,,,,no_match
CONSOLIDATED Credit Union,,,,no_match
APL Credit Union,,,,no_match
CPM Credit Union,,,,no_match
FIRST CHOICE AMERICA COMMUNITY Credit Union,,,,no_match
HEARTLAND Credit Union,549300CRPIDBSEMEY066,HEARTLAND CREDIT UNION,https://api.gleif.org/api/v1/lei-records/549300CRPIDBSEMEY066,
FORT BRAGG Credit Union,,,,no_match
RESOURCE ONE Credit Union,254900QC7DVGIYVGB494,Resource One Credit Union,https://api.gleif.org/api/v1/lei-records/254900QC7DVGIYVGB494,
RIO GRANDE Credit Union,549300NVA07UVMZS8E14,RIO GRANDE CREDIT UNION,https://api.gleif.org/api/v1/lei-records/549300NVA07UVMZS8E14,
CORNERSTONE FINANCIAL Credit Union,549300HTKHBMJL4D9734,CORNERSTONE FINANCIAL CREDIT UNION,https://api.gleif.org/api/v1/lei-records/549300HTKHBMJL4D9734,
ABILENE TEACHERS Credit Union,,,,no_match
O BEE Credit Union,549300ML3H1LUVR1FP75,O Bee Credit Union,https://api.gleif.org/api/v1/lei-records/549300ML3H1LUVR1FP75,
FREEDOM NORTHWEST Credit Union,254900N133DZGPB2X985,Freedom Northwest Credit Union,https://api.gleif.org/api/v1/lei-records/254900N133DZGPB2X985,
R.I.A. Credit Union,,,,no_match
WASATCH PEAKS Credit Union,,,,no_match
JOHNS HOPKINS Credit Union,,,,no_match
FIRST PEOPLES COMMUNITY Credit Union,,,,no_match
SECURITY Credit Union,5493005RSCVBUTB80M24,SECURITY CREDIT UNION,https://api.gleif.org/api/v1/lei-records/5493005RSCVBUTB80M24,
ADVENTURE Credit Union,254900GP2576VSW7TS47,Adventure Credit Union,https://api.gleif.org/api/v1/lei-records/254900GP2576VSW7TS47,
KINETIC Credit Union,,,,no_match
EVERGREEN Credit Union,54930064FQE21RHEG647,EVERGREEN CREDIT UNION,https://api.gleif.org/api/v1/lei-records/54930064FQE21RHEG647,
INNOVATIONS FINANCIAL Credit Union,,,,no_match
FEDEX EMPLOYEES CREDIT ASSOCIATION Credit Union,,,,no_match
BEEHIVE Credit Union,,,,no_match
PARTNER COLORADO Credit Union,5493009OHBOFDUG78546,PARTNER COLORADO CREDIT UNION,https://api.gleif.org/api/v1/lei-records/5493009OHBOFDUG78546,
EXCITE Credit Union,549300DFCG6GF21KOW34,EXCITE Credit Union,https://api.gleif.org/api/v1/lei-records/549300DFCG6GF21KOW34,
TOWN & COUNTRY Credit Union,984500873U7501D3P512,TOW,https://api.gleif.org/api/v1/lei-records/984500873U7501D3P512,
COAST360 Credit Union,,,,no_match
CENTRAL WILLAMETTE Credit Union,549300CPJH6JMU13EQ37,CENTRAL WILLAMETTE Credit Union,https://api.gleif.org/api/v1/lei-records/549300CPJH6JMU13EQ37,
OMNI COMMUNITY Credit Union,254900W66Q12I4MV8X83,OMNI COMMUNITY CREDIT UNION,https://api.gleif.org/api/v1/lei-records/254900W66Q12I4MV8X83,
HOMELAND Credit Union,549300R1M9F3KHD4D911,"HOMELAND CREDIT UNION, INC.",https://api.gleif.org/api/v1/lei-records/549300R1M9F3KHD4D911,
METRO CU Credit Union,,,,no_match
EMBOLD Credit Union,,,,no_match
FLORIDACENTRAL Credit Union,5493007WNCT2YQ8O4H14,FLORIDACENTRAL CREDIT UNION,https://api.gleif.org/api/v1/lei-records/5493007WNCT2YQ8O4H14,
EMBLEM Credit Union,,,,no_match
EDUCATION FIRST Credit Union,549300ZA8T2KGQF6JK55,"EDUCATION FIRST CREDIT UNION, INC.",https://api.gleif.org/api/v1/lei-records/549300ZA8T2KGQF6JK55,
DUGOOD Credit Union,,,,no_match
SOUTHPOINT FINANCIAL Credit Union,549300VPYRW4D9VH0G53,SOUTHPOINT FINANCIAL CREDIT UNION,https://api.gleif.org/api/v1/lei-records/549300VPYRW4D9VH0G53,
EDUCATORS Credit Union,,,,no_match
ADELFI Credit Union,254900EYV2SH25WHJ870,AdelFi Credit Union,https://api.gleif.org/api/v1/lei-records/254900EYV2SH25WHJ870,
MINNCO Credit Union,549300X83ACLZT2UNN87,MINNCO CREDIT UNION,https://api.gleif.org/api/v1/lei-records/549300X83ACLZT2UNN87,
VIA CREDIT UNION Credit Union,,,,no_match
EMBERS Credit Union,,,,no_match
CO-OP Credit Union,549300HZKPV04SFK9K27,CO-OP Credit Union,https://api.gleif.org/api/v1/lei-records/549300HZKPV04SFK9K27,
ASCENTRA Credit Union,25490016EME0PSK9PL28,Accentra Credit Union,https://api.gleif.org/api/v1/lei-records/25490016EME0PSK9PL28,
SOARION Credit Union,,,,no_match
SOVITA Credit Union,54930038EHCQQEFKUW36,SOVITA Credit Union,https://api.gleif.org/api/v1/lei-records/54930038EHCQQEFKUW36,
I.L.W.U. Credit Union,,,,no_match
TRANSCEND Credit Union,,,,no_match
VALLEY FINANCIAL Credit Union,,,,no_match
CHAMPION Credit Union,,,,no_match
U. T. Credit Union,,,,no_match
THE SOUTHERN Credit Union,,,,no_match
FINANCIAL PLUS Credit Union,,,,no_match
VALLEYSTAR Credit Union,,,,no_match
UKRAINIAN SELFRELIANCE Credit Union,,,,no_match
SIU Credit Union,,,,no_match
FIRELANDS Credit Union,,,,no_match
ARLINGTON COMMUNITY Credit Union,,,,no_match
ARGENT Credit Union,,,,no_match
COMMONWEALTH ONE Credit Union,,,,no_match
"OUCU FINANCIAL CREDIT UNION, INC.  Credit Union",,,,no_match
SECURITY FIRST Credit Union,,,,no_match
SUNWEST Credit Union,,,,no_match
PEAKE Credit Union,,,,no_match
DESCO Credit Union,,,,no_match
CHAMPIONS FIRST Credit Union,,,,no_match
SECNY Credit Union,,,,no_match
ACFCU Credit Union,,,,no_match
FOREST AREA Credit Union,,,,no_match
OLD WEST Credit Union,,,,no_match
PENINSULA COMMUNITY Credit Union,,,,no_match
UNITED Credit Union,,,,no_match
ACCESS Credit Union,,,,no_match
BOWATER EMPLOYEES Credit Union,,,,no_match
VAPR Credit Union,,,,no_match
BENCHMARK Credit Union,,,,no_match
TEXOMA COMMUNITY Credit Union,,,,no_match
LOYALTY Credit Union,,,,no_match
CPORT Credit Union,,,,no_match
HARVESTERS Credit Union,,,,no_match
VALLEY COMMUNITIES Credit Union,,,,no_match
GULF COAST Credit Union,,,,no_match
ENERGY ONE Credit Union,,,,no_match
LOOKOUT Credit Union,,,,no_match
NORTH SHORE Credit Union,,,,no_match
HOMEBASE Credit Union,,,,no_match
OTIS Credit Union,,,,no_match
KALSEE Credit Union,,,,no_match
ALLEGENT COMMUNITY Credit Union,,,,no_match
U S POSTAL SERVICE Credit Union,,,,no_match
HOME TOWN Credit Union,,,,no_match
O.A.S. STAFF Credit Union,,,,no_match
BANGOR Credit Union,,,,no_match
UNITY ONE Credit Union,,,,no_match
MTC Credit Union,,,,no_match
HERITAGE COMMUNITY Credit Union,,,,no_match
GREATER COMMUNITY Credit Union,,,,no_match
OKLAHOMA EDUCATORS Credit Union,,,,no_match
NEW HORIZONS Credit Union,,,,no_match
NORSTATE Credit Union,,,,no_match
COTTONWOOD COMMUNITY Credit Union,,,,no_match
DEPARTMENT OF THE INTERIOR Credit Union,,,,no_match
LONG BEACH CITY EMPLOYEES Credit Union,,,,no_match
MEMBERS FIRST CREDIT UNION OF N.H. Credit Union,,,,no_match
LEWIS CLARK Credit Union,,,,no_match
LORMET COMMUNITY Credit Union,,,,no_match
ADVANTAGE PLUS Credit Union,,,,no_match
1ST COMMUNITY Credit Union,,,,no_match
JETSTREAM Credit Union,,,,no_match
GLACIER HILLS Credit Union,,,,no_match
VOYAGE Credit Union,,,,no_match
FIRST FLIGHT Credit Union,,,,no_match
MIDCOAST Credit Union,,,,no_match
WESTERN VISTA Credit Union,,,,no_match
TREMONT Credit Union,,,,no_match
GREAT NORTHWEST Credit Union,,,,no_match
ST. FRANCIS X Credit Union,,,,no_match
AUBURN UNIVERSITY Credit Union,,,,no_match
ST. PAUL Credit Union,,,,no_match
PUGET SOUND COOPERATIVE Credit Union,,,,no_match
SOUTHWEST HERITAGE Credit Union,,,,no_match
HIGHMARK Credit Union,,,,no_match
NORTH CENTRAL AREA Credit Union,,,,no_match
ZIA Credit Union,,,,no_match
BORDER Credit Union,,,,no_match
NORTHWESTERN MUTUAL Credit Union,,,,no_match
USX Credit Union,,,,no_match
EDIFI Credit Union,,,,no_match
ILLIANA FINANCIAL Credit Union,,,,no_match
SAINT LAWRENCE Credit Union,,,,no_match
SPC Credit Union,,,,no_match
KEYS Credit Union,,,,no_match
SOMERSET Credit Union,,,,no_match
TONGASS Credit Union,,,,no_match
FILER Credit Union,,,,no_match
TRUCHOICE Credit Union,,,,no_match
GERBER Credit Union,,,,no_match
KNOXVILLE TEACHERS Credit Union,,,,no_match
NORTH JERSEY Credit Union,,,,no_match
FINGER LAKES Credit Union,,,,no_match
PYRAMID Credit Union,,,,no_match
MIDWEST COMMUNITY Credit Union,,,,no_match
COMMUNITY WEST Credit Union,,,,no_match
SOUTHERN SECURITY Credit Union,,,,no_match
NW PRIORITY Credit Union,,,,no_match
BRIDGE Credit Union,,,,no_match
CHIEF FINANCIAL Credit Union,,,,no_match
MOOG EMPLOYEES Credit Union,,,,no_match
PRIMETRUST FINANCIAL Credit Union,,,,no_match
THE ATLANTIC Credit Union,,,,no_match
MC Credit Union,,,,no_match
CITIZENS COMMUNITY Credit Union,,,,no_match
MUTUAL SAVINGS Credit Union,,,,no_match
MYGEORGIA Credit Union,,,,no_match
GEOVISTA Credit Union,,,,no_match
F3 Credit Union,,,,no_match
SRI Credit Union,,,,no_match
PANTEX Credit Union,,,,no_match
CACL Credit Union,,,,no_match
TRUE NORTH Credit Union,,,,no_match
SEABOARD Credit Union,,,,no_match
BULL DOG Credit Union,,,,no_match
SABINE Credit Union,,,,no_match
STERLING Credit Union,,,,no_match
COMMUNITY FIRST GUAM Credit Union,,,,no_match
COMMUNITY SOUTH Credit Union,,,,no_match
SHREWSBURY Credit Union,,,,no_match
C E S Credit Union,,,,no_match
SKYPOINT Credit Union,,,,no_match
CHAFFEY Credit Union,,,,no_match
CANOPY Credit Union,,,,no_match
NEW DIMENSIONS Credit Union,,,,no_match
CEDAR FALLS COMMUNITY Credit Union,,,,no_match
ILLINOIS STATE Credit Union,,,,no_match
HAWAII LAW ENFORCEMENT Credit Union,,,,no_match
CAPITOL Credit Union,,,,no_match
CAL-COM Credit Union,,,,no_match
FIRST SERVICE Credit Union,,,,no_match
URW COMMUNITY Credit Union,,,,no_match
WICHITA Credit Union,,,,no_match
EXPEDITION Credit Union,,,,no_match
NORTHERN SKIES Credit Union,,,,no_match
MAINE HIGHLANDS Credit Union,,,,no_match
LOUVIERS Credit Union,,,,no_match
CATHOLIC & COMMUNITY Credit Union,,,,no_match
CORAZO Credit Union,,,,no_match
EASTERN UTAH COMMUNITY Credit Union,,,,no_match
CHROME Credit Union,,,,no_match
SUNLIGHT Credit Union,,,,no_match
WESTEX COMMUNITY Credit Union,,,,no_match
CLARITY Credit Union,,,,no_match
WESTERN DIVISION Credit Union,,,,no_match
CAMPCO Credit Union,,,,no_match
SANTA FE Credit Union,,,,no_match
OKUNITY Credit Union,,,,no_match
DENVER FIRE DEPARTMENT Credit Union,,,,no_match
NAHEOLA Credit Union,,,,no_match
CLEARPATH Credit Union,,,,no_match
BILLINGS Credit Union,,,,no_match
GRAND ALTITUDE Credit Union,,,,no_match
TEXASGULF Credit Union,,,,no_match
ISABELLA COMMUNITY Credit Union,,,,no_match
ACIPCO Credit Union,,,,no_match
SANTA ROSA COUNTY Credit Union,,,,no_match
MIDWEST MEMBERS Credit Union,,,,no_match
HOMETOWN Credit Union,,,,no_match
VALLEY FIRST Credit Union,,,,no_match
MEMBERS CHOICE OF CENTRAL TEXAS Credit Union,,,,no_match
SUCCESS Credit Union,,,,no_match
PARDA Credit Union,,,,no_match
H E B Credit Union,,,,no_match
1ST LIBERTY Credit Union,,,,no_match
CITIZENS Credit Union,,,,no_match
COCA-COLA Credit Union,,,,no_match
U. S. EMPLOYEES O. C. Credit Union,,,,no_match
YOLO Credit Union,,,,no_match
SOUTHWEST MONTANA COMMUNITY Credit Union,,,,no_match
RED WING Credit Union,,,,no_match
AUTOTRUCK FINANCIAL Credit Union,,,,no_match
AAC Credit Union,,,,no_match
LISBON COMMUNITY Credit Union,,,,no_match
SKY Credit Union,,,,no_match
U.P. STATE Credit Union,,,,no_match
MEMBERSOURCE Credit Union,,,,no_match
TRI COUNTY AREA Credit Union,,,,no_match
DUKE UNIVERSITY Credit Union,,,,no_match
PALISADES Credit Union,,,,no_match
FIRE POLICE CITY COUNTY Credit Union,,,,no_match
"IMPACT CREDIT UNION, INC. Credit Union",,,,no_match
SERVICE 1 Credit Union,,,,no_match
BEACON Credit Union,,,,no_match
COOPERATIVE CHOICE NETWORK Credit Union,,,,no_match
AWAKON Credit Union,,,,no_match
STATEWIDE Credit Union,,,,no_match
ACCESS COMMUNITY Credit Union,,,,no_match
KAUAI Credit Union,,,,no_match
RAILWAY Credit Union,,,,no_match
TRUNORTH Credit Union,,,,no_match
CENTRAL VIRGINIA Credit Union,,,,no_match
BARKSDALE Credit Union,,,,no_match
MIAMI POSTAL SERVICE Credit Union,,,,no_match
COMMUNITY 1ST Credit Union,,,,no_match
EMPLOYEES Credit Union,,,,no_match
RIVERFALL Credit Union,,,,no_match
INFIRST Credit Union,,,,no_match
SCHOOLS Credit Union,,,,no_match
CHATTANOOGA AREA SCHOOLS Credit Union,,,,no_match
DEMOCRACY Credit Union,,,,no_match
AREA Credit Union,,,,no_match
BIG ISLAND Credit Union,,,,no_match
FOUR POINTS Credit Union,,,,no_match
GEORGETOWN KRAFT Credit Union,,,,no_match
HERITAGE Credit Union,,,,no_match
DOWNRIVER COMMUNITY Credit Union,,,,no_match
WHITE EAGLE Credit Union,,,,no_match
AIM Credit Union,,,,no_match
SACO VALLEY Credit Union,,,,no_match
PUBLIC SAFETY Credit Union,,,,no_match
PUERTO RICO Credit Union,,,,no_match
SAFE HARBOR Credit Union,,,,no_match
ENDURANCE Credit Union,,,,no_match
ACHIEVE FINANCIAL Credit Union,,,,no_match
COMMUNITY CREDIT UNION OF LYNN Credit Union,,,,no_match
GOVERNMENT EMPLOYEES Credit Union,,,,no_match
SIERRA PACIFIC Credit Union,,,,no_match
JOURNEY Credit Union,,,,no_match
CONSERVATION EMPLOYEES Credit Union,,,,no_match
NW PREFERRED Credit Union,,,,no_match
HORIZON UTAH Credit Union,,,,no_match
RIPCO Credit Union,,,,no_match
P & G MEHOOPANY EMPLOYEES Credit Union,,,,no_match
SEBASTICOOK VALLEY Credit Union,,,,no_match
HERITAGE SOUTH Credit Union,,,,no_match
EMPLOYEE RESOURCES Credit Union,,,,no_match
MID CAROLINA Credit Union,,,,no_match
APPALACHIAN COMMUNITY Credit Union,,,,no_match
RIO GRANDE VALLEY CREDIT UNION Credit Union,,,,no_match
MUNICIPAL EMPS CU OF OKLAHOMA CITY Credit Union,,,,no_match
FIRST CENTRAL Credit Union,,,,no_match
CAMINO Credit Union,,,,no_match
NORTHERN HILLS Credit Union,,,,no_match
SAN JOAQUIN POWER EMPLOYEES Credit Union,,,,no_match
ASPIRE COMMUNITY Credit Union,,,,no_match
FIRST CHOICE FINANCIAL Credit Union,,,,no_match
TREASURY DEPARTMENT Credit Union,,,,no_match
POLISH-AMERICAN Credit Union,,,,no_match
TRAILNORTH Credit Union,,,,no_match
COMPASS COMMUNITY Credit Union,,,,no_match
LONG REACH Credit Union,,,,no_match
MAC Credit Union,,,,no_match
LINCOLN COUNTY Credit Union,,,,no_match
POLICE Credit Union,,,,no_match
HEALTH ADVANTAGE Credit Union,,,,no_match
MAGNOLIA Credit Union,,,,no_match
GATEWAY METRO Credit Union,,,,no_match
HOMEFIELD Credit Union,,,,no_match
FIRST FINANCIAL Credit Union,,,,no_match
CODE Credit Union,,,,no_match
EXCEL Credit Union,,,,no_match
LINCONE Credit Union,,,,no_match
PINELLAS Credit Union,,,,no_match
COMMUNITY Credit Union,,,,no_match
PRINCETON Credit Union,,,,no_match
ASSOCIATED HEALTHCARE Credit Union,,,,no_match
DIAMOND VALLEY Credit Union,,,,no_match
44 NORTH Credit Union,,,,no_match
GREENVILLE HERITAGE Credit Union,,,,no_match
UFCW COMMUNITY Credit Union,,,,no_match
CENT Credit Union,,,,no_match
KELLY COMMUNITY Credit Union,,,,no_match
NUVISTA Credit Union,,,,no_match
VIDA Credit Union,,,,no_match
WINNEBAGO COMMUNITY Credit Union,,,,no_match
ULSTER Credit Union,,,,no_match
NEW BEDFORD Credit Union,,,,no_match
ALTERNATIVES Credit Union,,,,no_match
PRIORITY FIRST Credit Union,,,,no_match
SCENIC COMMUNITY Credit Union,,,,no_match
EPIC Credit Union,,,,no_match
SPACE AGE Credit Union,,,,no_match
BLUE COAST Credit Union,,,,no_match
WOLVERINE STATE Credit Union,,,,no_match
MOUNTAIN LAUREL Credit Union,,,,no_match
HERITAGE GROVE Credit Union,,,,no_match
RIVERTRUST Credit Union,,,,no_match
PRIORITY ONE CREDIT UNION Credit Union,,,,no_match
1ST GATEWAY Credit Union,,,,no_match
BFG Credit Union,,,,no_match
WYMAR Credit Union,,,,no_match
PIONEER VALLEY Credit Union,,,,no_match
HOPEWELL Credit Union,,,,no_match
KERR COUNTY Credit Union,,,,no_match
NORTH STAR COMMUNITY Credit Union,,,,no_match
HELLO Credit Union,,,,no_match
SOUTHERN CHAUTAUQUA Credit Union,,,,no_match
SENTRY Credit Union,,,,no_match
TONAWANDA VALLEY Credit Union,,,,no_match
RED RIVER Credit Union,,,,no_match
TORRANCE COMMUNITY Credit Union,,,,no_match
KINGS Credit Union,,,,no_match
INNER LAKES Credit Union,,,,no_match
H.P.C. Credit Union,,,,no_match
ARTESIA Credit Union,,,,no_match
UTAH HERITAGE Credit Union,,,,no_match
GEORGIA HERITAGE Credit Union,,,,no_match
UKRAINIAN NATIONAL Credit Union,,,,no_match
ADVANZ Credit Union,,,,no_match
JACKSON AREA Credit Union,,,,no_match
LAKEVIEW Credit Union,,,,no_match
TRAILHEAD Credit Union,,,,no_match
MOUNTAINCREST Credit Union,,,,no_match
WAYNE-WESTLAND Credit Union,,,,no_match
HARBOR POINTE Credit Union,,,,no_match
CHOCOLATE BAYOU COMMUNITY Credit Union,,,,no_match
FIRST COAST COMMUNITY Credit Union,,,,no_match
NAFT Credit Union,,,,no_match
COMMUNITY FIRST Credit Union,,,,no_match
TOWN OF HEMPSTEAD EMPLOYEES Credit Union,,,,no_match
RIVER CITY Credit Union,,,,no_match
HORIZON Credit Union,,,,no_match
FIDELIS CATHOLIC Credit Union,,,,no_match
TULARE COUNTY Credit Union,,,,no_match
CORE Credit Union,,,,no_match
DEPT OF LABOR Credit Union,,,,no_match
NATCO Credit Union,,,,no_match
XPLORE Credit Union,,,,no_match
CONSUMERS PROFESSIONAL Credit Union,,,,no_match
GO ENERGY FINANCIAL Credit Union,,,,no_match
FIRST FAMILY Credit Union,,,,no_match
SISKIYOU Credit Union,,,,no_match
ARKANSAS BEST Credit Union,,,,no_match
GP Credit Union,,,,no_match
JM ASSOCIATES Credit Union,,,,no_match
ACT 1ST Credit Union,,,,no_match
OSWEGO COUNTY Credit Union,,,,no_match
IRON MOUNTAIN KINGSFORD COMMUNITY Credit Union,,,,no_match
LINCOLN MAINE Credit Union,,,,no_match
FRANKLIN-SOMERSET Credit Union,,,,no_match
WESTCONSIN Credit Union,,,,no_match
WCLA Credit Union,,,,no_match
CELCO COMMUNITY Credit Union,,,,no_match
IRONWORKERS USA Credit Union,,,,no_match
LEADING EDGE Credit Union,,,,no_match
TRIUS Credit Union,,,,no_match
CENTURYFIRST Credit Union,,,,no_match
MAUI Credit Union,,,,no_match
MEDINA COUNTY Credit Union,,,,no_match
HAWAII COUNTY EMPLOYEES Credit Union,,,,no_match
HEART OF LOUISIANA Credit Union,,,,no_match
MEMBERS EXCHANGE Credit Union,,,,no_match
FLORIDA WEST COAST Credit Union,,,,no_match
MARKET USA Credit Union,,,,no_match
NORTH ALABAMA EDUCATORS Credit Union,,,,no_match
PACIFIC HORIZON Credit Union,,,,no_match
EMPORIA STATE Credit Union,,,,no_match
CENTRAL MAINE Credit Union,,,,no_match
AFLAC Credit Union,,,,no_match
KAIPERM NORTHWEST Credit Union,,,,no_match
OZARK Credit Union,,,,no_match
FINANCIALEDGE  Credit Union,,,,no_match
TRU FI Credit Union,,,,no_match
LENCO Credit Union,,,,no_match
HEALTHCARE SYSTEMS Credit Union,,,,no_match
ARCADIA Credit Union,,,,no_match
TRUST Credit Union,,,,no_match
UPPER CUMBERLAND Credit Union,,,,no_match
KRAFTMAN Credit Union,,,,no_match
LIBERTY SAVINGS Credit Union,,,,no_match
INTERFAITH Credit Union,,,,no_match
WEST VIRGINIA Credit Union,,,,no_match
BREAKWATER Credit Union,,,,no_match
TEXOMA EDUCATORS Credit Union,,,,no_match
INTEGRA FIRST Credit Union,,,,no_match
K V Credit Union,,,,no_match
CONNECTED Credit Union,,,,no_match
UNIVERSITY OF NEBRASKA Credit Union,,,,no_match
MEMBERS ADVANTAGE Credit Union,,,,no_match
HEALTHCARE EMPLOYEES Credit Union,,,,no_match
PREMIER FINANCIAL Credit Union,,,,no_match
FIREFIGHTERS Credit Union,,,,no_match
MEMBERS 1ST OF NJ Credit Union,,,,no_match
UFIRST Credit Union,,,,no_match
HERITAGE VALLEY Credit Union,,,,no_match
BAPTIST HEALTH SOUTH FLORIDA Credit Union,,,,no_match
TRI BORO Credit Union,,,,no_match
STRAITS AREA Credit Union,,,,no_match
N A E Credit Union,,,,no_match
WAILUKU Credit Union,,,,no_match
SUN Credit Union,,,,no_match
COMMUNITY ONE CREDIT UNION OF OHIO Credit Union,,,,no_match
ALASKA AIR GROUP Credit Union,,,,no_match
TRADEMARK Credit Union,,,,no_match
UNITED COMMUNITY Credit Union,,,,no_match
CHOICE ONE COMMUNITY Credit Union,,,,no_match
CENLA Credit Union,,,,no_match
C-B-W SCHOOLS Credit Union,,,,no_match
OAKDALE Credit Union,,,,no_match
TRUENERGY Credit Union,,,,no_match
ONE SOURCE Credit Union,,,,no_match
EAGLE LOUISIANA Credit Union,,,,no_match
MISSOURI CENTRAL Credit Union,,,,no_match
KANSAS TEACHERS COMMUNITY Credit Union,,,,no_match
COUNTY EXCELLENCE Credit Union,,,,no_match
LESCO Credit Union,,,,no_match
GULF COAST COMMUNITY Credit Union,,,,no_match
GRASSLANDS Credit Union,,,,no_match
JACKSON RIVER COMMUNITY Credit Union,,,,no_match
RUSSELL COUNTRY Credit Union,,,,no_match
POWER Credit Union,,,,no_match
DEPARTMENT OF CORRECTIONS Credit Union,,,,no_match
F R B Credit Union,,,,no_match
ADVANCE FINANCIAL Credit Union,,,,no_match
ILLINOIS EDUCATORS Credit Union,,,,no_match
GARDEN ISLAND Credit Union,,,,no_match
UNITED SAVINGS Credit Union,,,,no_match
BRAINERD B. N. Credit Union,,,,no_match
PILLAR Credit Union,,,,no_match
NORTH IOWA COMMUNITY Credit Union,,,,no_match
ADVENTHEALTH Credit Union,,,,no_match
INGERSOLL-RAND Credit Union,,,,no_match
SOUND Credit Union,,,,no_match
METRO Credit Union,,,,no_match
CASCO Credit Union,,,,no_match
THINKWISE Credit Union,,,,no_match
PRESTIGE COMMUNITY Credit Union,,,,no_match
GUTHRIE COMMUNITY Credit Union,,,,no_match
SEA AIR Credit Union,,,,no_match
RIVER VALLEY Credit Union,,,,no_match
NORTHERN COMMUNITIES Credit Union,,,,no_match
LANDMARK Credit Union,,,,no_match
AUBURN COMMUNITY Credit Union,,,,no_match
POWERNET Credit Union,,,,no_match
A.A.E.C. Credit Union,,,,no_match
MUTUAL FIRST Credit Union,,,,no_match
WHITE RIVER Credit Union,,,,no_match
TWO HARBORS Credit Union,,,,no_match
SOUTHWEST OKLAHOMA Credit Union,,,,no_match
TOMAH AREA Credit Union,,,,no_match
RIVERVIEW Credit Union,,,,no_match
TRIANGLE Credit Union,,,,no_match
NORTH BAY Credit Union,,,,no_match
TACOMA LONGSHOREMEN Credit Union,,,,no_match
WHITE ROSE Credit Union,,,,no_match
RIVERWAYS Credit Union,,,,no_match
ESTACADO Credit Union,,,,no_match
NORTH STAR Credit Union,,,,no_match
DESERT RIVERS Credit Union,,,,no_match
CROW WING POWER Credit Union,,,,no_match
SMW 104 Credit Union,,,,no_match
VALLEY Credit Union,,,,no_match
FIRST MISSOURI Credit Union,,,,no_match
CLEAN ENERGY Credit Union,,,,no_match
NORTH GEORGIA Credit Union,,,,no_match
RICHLAND Credit Union,,,,no_match
IBEW & UNITED WORKERS Credit Union,,,,no_match
FERGUS Credit Union,,,,no_match
CENTEX CITIZENS Credit Union,,,,no_match
CREDIT UNION OF THE ROCKIES Credit Union,,,,no_match
HANCOCK Credit Union,,,,no_match
MEIJER Credit Union,,,,no_match
WEYCO COMMUNITY Credit Union,,,,no_match
LA LOMA Credit Union,,,,no_match
L G & W Credit Union,,,,no_match
SOUTHWEST 66 Credit Union,,,,no_match
FIRST EAGLE Credit Union,,,,no_match
MARQUETTE COMMUNITY Credit Union,,,,no_match
MEMBERS Credit Union,,,,no_match
DEEPWATER INDUSTRIES Credit Union,,,,no_match
PEOPLES ADVANTAGE Credit Union,,,,no_match
NORTHRIDGE COMMUNITY Credit Union,,,,no_match
KSW Credit Union,,,,no_match
RANCHO Credit Union,,,,no_match
MOBILE EDUCATORS Credit Union,,,,no_match
GRAND JUNCTION Credit Union,,,,no_match
ADVANCED FINANCIAL Credit Union,,,,no_match
GEAUGA Credit Union,,,,no_match
HAWAII Credit Union,,,,no_match
WICHITA FALLS TEACHERS Credit Union,,,,no_match
FIRST AMERICAN Credit Union,,,,no_match
LASSEN COUNTY Credit Union,,,,no_match
ONE CREDIT UNION OF NY Credit Union,,,,no_match
KAIPERM Credit Union,,,,no_match
ASCENSION Credit Union,,,,no_match
ONE COMMUNITY Credit Union,,,,no_match
MONEY ONE Credit Union,,,,no_match
TRUNORTHERN Credit Union,,,,no_match
KATAHDIN Credit Union,,,,no_match
MEMBERSOWN Credit Union,,,,no_match
MUSKOGEE Credit Union,,,,no_match
HERITAGE USA Credit Union,,,,no_match
TOTAL COMMUNITY Credit Union,,,,no_match
MEMBERSFIRST CT Credit Union,,,,no_match
SALT CITY Credit Union,,,,no_match
SANTA ANA Credit Union,,,,no_match
ONENEBRASKA Credit Union,,,,no_match
HIBBING COOPERATIVE Credit Union,,,,no_match
ADVANTAGE FINANCIAL Credit Union,,,,no_match
CONNECTS Credit Union,,,,no_match
POINT WEST Credit Union,,,,no_match
FORMATION Credit Union,,,,no_match
LAS COLINAS Credit Union,,,,no_match
ARCHER COOPERATIVE Credit Union,,,,no_match
THE LOCAL Credit Union,,,,no_match
STRAIT VIEW Credit Union,,,,no_match
PALCO FCU Credit Union,,,,no_match
ADVANTAGE Credit Union,,,,no_match
VUE COMMUNITY Credit Union,,,,no_match
WINTHROP AREA Credit Union,,,,no_match
U. S. EMPLOYEES Credit Union,,,,no_match
CONSUMERS Credit Union,,,,no_match
ROANOKE VALLEY COMMUNITY Credit Union,,,,no_match
MCBRYDE Credit Union,,,,no_match
SEAPORT Credit Union,,,,no_match
RAILROAD Credit Union,,,,no_match
CREDIT UNION OF DODGE CITY Credit Union,,,,no_match
SNO FALLS Credit Union,,,,no_match
GREAT LAKES FIRST Credit Union,,,,no_match
LUFTHANSA EMP. Credit Union,,,,no_match
CIVIC CENTRAL Credit Union,,,,no_match
TEXAS DPS Credit Union,,,,no_match
UNIVERSITY OF TOLEDO Credit Union,,,,no_match
LEATHERSTOCKING REGION Credit Union,,,,no_match
TAMPA POSTAL Credit Union,,,,no_match
STERLING UNITED Credit Union,,,,no_match
MARIN COUNTY Credit Union,,,,no_match
TENNESSEE MEMBERS 1ST Credit Union,,,,no_match
HOLLEY Credit Union,,,,no_match
CANNON Credit Union,,,,no_match
KO`OLAU Credit Union,,,,no_match
GREATER CHAUTAUQUA Credit Union,,,,no_match
CONNECT CREDIT UNION Credit Union,,,,no_match
I AM Credit Union,,,,no_match
COASTAL COMMUNITY Credit Union,,,,no_match
CONCHO EDUCATORS Credit Union,,,,no_match
CHEROKEE STRIP Credit Union,,,,no_match
NORTH CAROLINA COMMUNITY Credit Union,,,,no_match
WINDTHORST Credit Union,,,,no_match
ROUTE 31 Credit Union,,,,no_match
RIDGEDALE Credit Union,,,,no_match
FAIRFIELD Credit Union,,,,no_match
UNITY CATHOLIC Credit Union,,,,no_match
BROWARD HEALTHCARE Credit Union,,,,no_match
CROSSROADS FINANCIAL Credit Union,,,,no_match
FAMILY ADVANTAGE Credit Union,,,,no_match
INDIANHEAD Credit Union,,,,no_match
COMMUNITY CHOICE Credit Union,,,,no_match
EDINBURG TEACHERS Credit Union,,,,no_match
UPWARD Credit Union,,,,no_match
LAKE CHEM COMMUNITY Credit Union,,,,no_match
TRANSIT EMPLOYEES Credit Union,,,,no_match
SOUTH CAROLINA NATIONAL GUARD Credit Union,,,,no_match
AFENA Credit Union,,,,no_match
UNION YES Credit Union,,,,no_match
VA DESERT PACIFIC Credit Union,,,,no_match
FERGUSON Credit Union,,,,no_match
FIRST CLASS COMMUNITY Credit Union,,,,no_match
COUNTY SCHOOLS Credit Union,,,,no_match
ATHOL Credit Union,,,,no_match
DAKOTA PLAINS Credit Union,,,,no_match
LOWER COLUMBIA LONGSHOREMEN Credit Union,,,,no_match
SHERIDAN COMMUNITY Credit Union,,,,no_match
MEMBERS SOURCE Credit Union,,,,no_match
NORTHWOODS COMMUNITY Credit Union,,,,no_match
WASHINGTON COUNTY TEACHERS Credit Union,,,,no_match
SALEM VA MEDICAL CENTER Credit Union,,,,no_match
MEMBERS COMMUNITY Credit Union,,,,no_match
ZELLCO Credit Union,,,,no_match
WESLA Credit Union,,,,no_match
CROSSROADS COMMUNITY Credit Union,,,,no_match
GARDINER Credit Union,,,,no_match
BAY ATLANTIC Credit Union,,,,no_match
SUNSET SCIENCE PARK Credit Union,,,,no_match
JEFFERSON CREDIT UNION Credit Union,,,,no_match
WATERFRONT Credit Union,,,,no_match
MEMORIAL EMPLOYEES FINANCIAL Credit Union,,,,no_match
DAKOTA WEST Credit Union,,,,no_match
TRIBORO POSTAL Credit Union,,,,no_match
BAYLANDS FAMILY Credit Union,,,,no_match
FAMILY HORIZONS Credit Union,,,,no_match
THE STATE Credit Union,,,,no_match
KINGSPORT PRESS CU Credit Union,,,,no_match
MCKESSON & HEALTHCARE PROVIDERS Credit Union,,,,no_match
PRIMESOURCE Credit Union,,,,no_match
PEOPLES Credit Union,,,,no_match
SHELBY COUNTY Credit Union,,,,no_match
PORT WASHINGTON Credit Union,,,,no_match
CENTRAL JERSEY Credit Union,,,,no_match
CORNERSTONE COMMUNITY Credit Union,,,,no_match
DC Credit Union,,,,no_match
MARSHFIELD MEDICAL CENTER Credit Union,,,,no_match
MEMBERS CHOICE WV Credit Union,,,,no_match
VISION ONE Credit Union,,,,no_match
SMW FINANCIAL Credit Union,,,,no_match
ST. THOMAS Credit Union,,,,no_match
GOOD NEIGHBORS Credit Union,,,,no_match
WELLSPRING Credit Union,,,,no_match
TRAVERSE CATHOLIC Credit Union,,,,no_match
OWENSBORO Credit Union,,,,no_match
HONOLULU FIRE DEPARTMENT Credit Union,,,,no_match
TEXAS BRIDGE Credit Union,,,,no_match
FORRIT Credit Union,,,,no_match
AMERICO Credit Union,,,,no_match
EVANSVILLE Credit Union,,,,no_match
"GREATER KENTUCKY CU, INC. Credit Union",,,,no_match
EAGLE ONE Credit Union,,,,no_match
RADIUS Credit Union,,,,no_match
POSTAL & COMMUNITY Credit Union,,,,no_match
GOETZ Credit Union,,,,no_match
TORRINGTON MUNICIPAL AND TEACHERS Credit Union,,,,no_match
CURIS FINANCIAL Credit Union,,,,no_match
MEMORIAL Credit Union,,,,no_match
CITY Credit Union,,,,no_match
TECHNICOLOR Credit Union,,,,no_match
MY PENSACOLA Credit Union,,,,no_match
T M H Credit Union,,,,no_match
COMMON TRUST Credit Union,,,,no_match
SOUTHWEST FINANCIAL Credit Union,,,,no_match
SOUTHLAND Credit Union,,,,no_match
#N/A,,,,no_match
SANTEE COOPER CREDIT UNION Credit Union,,,,no_match
VOLT Credit Union,,,,no_match
BAYCEL Credit Union,,,,no_match
TAYLORVILLE COMMUNITY Credit Union,,,,no_match
ADIRONDACK REGIONAL Credit Union,,,,no_match
TAYLOR Credit Union,,,,no_match
SOUTH CENTRAL Credit Union,,,,no_match
TNCONNECT Credit Union,,,,no_match
FIRST EDUCATION Credit Union,,,,no_match
FOOTHILLS Credit Union,,,,no_match
UNION BUILDING TRADES Credit Union,,,,no_match
MULTI-STATES Credit Union,,,,no_match
NEW SOUTH CREDIT UNION Credit Union,,,,no_match
DANIELS-SHERIDAN Credit Union,,,,no_match
CREDIT UNION FOR ROBERTSON COUNTY Credit Union,,,,no_match
CALCOM Credit Union,,,,no_match
FORWARD FINANCIAL Credit Union,,,,no_match
FRONT ROYAL Credit Union,,,,no_match
CSD Credit Union,,,,no_match
UARK Credit Union,,,,no_match
SABATTUS REGIONAL Credit Union,,,,no_match
SUSQUEHANNA VALLEY Credit Union,,,,no_match
ANCORUM Credit Union,,,,no_match
BAYOU Credit Union,,,,no_match
PUBLIC SERVICE #3 Credit Union,,,,no_match
DOMINO Credit Union,,,,no_match
MID-KANSAS Credit Union,,,,no_match
IRVING CITY EMPLOYEES Credit Union,,,,no_match
LAKE HURON Credit Union,,,,no_match
JAMESTOWN AREA COMMUNITY Credit Union,,,,no_match
CAROLINA Credit Union,,,,no_match
GNC COMMUNITY Credit Union,,,,no_match
WEXFORD COMMUNITY Credit Union,,,,no_match
SHORE TO SHORE COMMUNITY Credit Union,,,,no_match
ELEMENT Credit Union,,,,no_match
SONOMA Credit Union,,,,no_match
WESTPORT Credit Union,,,,no_match
CREDIT UNION OF VERMONT Credit Union,,,,no_match
TIMBERLINE Credit Union,,,,no_match
CREDIT UNION OF ATLANTA Credit Union,,,,no_match
FICARE Credit Union,,,,no_match
KBR HERITAGE Credit Union,,,,no_match
EVERGREENDIRECT Credit Union,,,,no_match
POSTEL FAMILY Credit Union,,,,no_match
COVE Credit Union,,,,no_match
LAMPCO Credit Union,,,,no_match
WESTEDGE Credit Union,,,,no_match
CALIFORNIA COMMUNITY Credit Union,,,,no_match
MUSKEGON Credit Union,,,,no_match
OU Credit Union,,,,no_match
LIMESTONE FINANCIAL Credit Union,,,,no_match
FIRST CHOICE Credit Union,,,,no_match
BATON ROUGE FIRE DEPARTMENT Credit Union,,,,no_match
KAHULUI Credit Union,,,,no_match
FREESTAR FINANCIAL Credit Union,,,,no_match
COLUMBINE Credit Union,,,,no_match
BAY CITIES Credit Union,,,,no_match
GREATER METRO Credit Union,,,,no_match
SM Credit Union,,,,no_match
GREAT MEADOW Credit Union,,,,no_match
CAL STATE L.A. Credit Union,,,,no_match
FANNIN Credit Union,,,,no_match
EATON FAMILY Credit Union,,,,no_match
SOUTHERN Credit Union,,,,no_match
DIAMOND LAKES Credit Union,,,,no_match
EASTMILL Credit Union,,,,no_match
KEMBA ROANOKE Credit Union,,,,no_match
ENBRIGHT Credit Union,,,,no_match
TEXAN SKY Credit Union,,,,no_match
CAMC Credit Union,,,,no_match
FEDFINANCIAL Credit Union,,,,no_match
HAWAII SCHOOLS Credit Union,,,,no_match
NASHVILLE POST OFFICE Credit Union,,,,no_match
OMAHA FIREFIGHTERS Credit Union,,,,no_match
POWER CO-OP EMPLOYEES Credit Union,,,,no_match
NEW ENGLAND TEAMSTERS Credit Union,,,,no_match
ARMSTRONG ASSOCIATES Credit Union,,,,no_match
CORNING Credit Union,,,,no_match
TEAMSTERS COUNCIL #37 Credit Union,,,,no_match
MIDWEST COALITION OF LABOR Credit Union,,,,no_match
HEALTH CARE FAMILY Credit Union,,,,no_match
DES MOINES METRO Credit Union,,,,no_match
NORTHERN COLORADO Credit Union,,,,no_match
VIRGINIA EDUCATORS CREDIT UNION Credit Union,,,,no_match
RAILROAD EMPLOYEES Credit Union,,,,no_match
EDUCATIONAL COMMUNITY Credit Union,,,,no_match
DELTA COUNTY Credit Union,,,,no_match
BLAIR COUNTY Credit Union,,,,no_match
POLAM Credit Union,,,,no_match
A.C.P.E. Credit Union,,,,no_match
DAVIESS COUNTY TEACHERS Credit Union,,,,no_match
DILLON Credit Union,,,,no_match
IDAHO UNITED Credit Union,,,,no_match
CLEVELAND-BRADLEY CTY TEACHER Credit Union,,,,no_match
FREESTONE Credit Union,,,,no_match
CHURCHILL COUNTY Credit Union,,,,no_match
NORSTAR Credit Union,,,,no_match
YOUR LEGACY Credit Union,,,,no_match
COCHISE Credit Union,,,,no_match
THORNAPPLE Credit Union,,,,no_match
REDBRAND Credit Union,,,,no_match
CHATTANOOGA FEDERAL EMPLOYEES Credit Union,,,,no_match
NEW YORK UNIVERSITY Credit Union,,,,no_match
HEREFORD TEXAS Credit Union,,,,no_match
DYNAMIC Credit Union,,,,no_match
LAN-FAIR Credit Union,,,,no_match
FIRST PRIORITY Credit Union,,,,no_match
ALBRIGHT Credit Union,,,,no_match
EP Credit Union,,,,no_match
GREATER PITTSBURGH Credit Union,,,,no_match
HOBOKEN SCHOOL EMPLOYEES Credit Union,,,,no_match
NEW YORK TIMES EMPLOYEES Credit Union,,,,no_match
OLIVE VIEW EMPLOYEES Credit Union,,,,no_match
MAPLE Credit Union,,,,no_match
LA PORTE COMMUNITY Credit Union,,,,no_match
TEXAS PLAINS Credit Union,,,,no_match
INTEGRITY Credit Union,,,,no_match
MIDWEST REGIONAL Credit Union,,,,no_match
EDUCATION PERSONNEL Credit Union,,,,no_match
ALTAMAHA Credit Union,,,,no_match
SCOTT AND WHITE EMPLOYEES Credit Union,,,,no_match
BENTON COUNTY SCHOOLS Credit Union,,,,no_match
EVER $ GREEN Credit Union,,,,no_match
LANIER Credit Union,,,,no_match
BETHLEHEM 1ST Credit Union,,,,no_match
STONEHAM MUNICIPAL EMPLOYEES Credit Union,,,,no_match
AVISTA CORP. Credit Union,,,,no_match
PROFESSIONAL FIRE FIGHTERS Credit Union,,,,no_match
M. C. T. Credit Union,,,,no_match
ALCOA COMMUNITY Credit Union,,,,no_match
PATHFINDER Credit Union,,,,no_match
BROKAW Credit Union,,,,no_match
GALAXY Credit Union,,,,no_match
LENNOX EMPLOYEES Credit Union,,,,no_match
167TH TFR Credit Union,,,,no_match
FRIENDLY Credit Union,,,,no_match
BEACON COMMUNITY Credit Union,,,,no_match
CAPITAL AREA Credit Union,,,,no_match
STAR OF TEXAS Credit Union,,,,no_match
CREDIT UNION OF RICHMOND INCORPORAT Credit Union,,,,no_match
GREATER NIAGARA Credit Union,,,,no_match
MIDDLE TENNESSEE Credit Union,,,,no_match
HURRICANE CREEK Credit Union,,,,no_match
LATITUDE 32 Credit Union,,,,no_match
FLORENCE Credit Union,,,,no_match
COPPER BASIN Credit Union,,,,no_match
AFFINITY FIRST Credit Union,,,,no_match
TRU Credit Union,,,,no_match
SYCAMORE Credit Union,,,,no_match
TAHQUAMENON AREA Credit Union,,,,no_match
LOCO Credit Union,,,,no_match
EMBARRASS VERMILLION Credit Union,,,,no_match
WEST TEXAS Credit Union,,,,no_match
ROCKET CITY Credit Union,,,,no_match
GALE Credit Union,,,,no_match
GP LOUISIANA Credit Union,,,,no_match
MORTON LANE Credit Union,,,,no_match
NEW HAMPSHIRE POSTAL Credit Union,,,,no_match
COMMUNITY FOCUS Credit Union,,,,no_match
NEIGHBORS UNITED Credit Union,,,,no_match
SPOKANE CITY Credit Union,,,,no_match
ROLLING F Credit Union,,,,no_match
DESTINATIONS CREDIT UNION Credit Union,,,,no_match
BANNER Credit Union,,,,no_match
PARISHIONERS Credit Union,,,,no_match
ELECTEL COOPERATIVE Credit Union,,,,no_match
DOCHES Credit Union,,,,no_match
EAGLE EXPRESS Credit Union,,,,no_match
ONE VISION Credit Union,,,,no_match
GREAT FALLS REGIONAL Credit Union,,,,no_match
PERFECT CIRCLE Credit Union,,,,no_match
FORT BILLINGS Credit Union,,,,no_match
NEW JERSEY LAW AND PUBLIC SAFETY Credit Union,,,,no_match
MOLINE MUNICIPAL Credit Union,,,,no_match
THE BRIDGEWAY Credit Union,,,,no_match
SOUTH BEND FIREFIGHTERS Credit Union,,,,no_match
SUPERIOR CREDIT UNION Credit Union,,,,no_match
PALMETTO FIRST Credit Union,,,,no_match
PINE Credit Union,,,,no_match
HEALTHCARE FINANCIAL Credit Union,,,,no_match
RIVER VALLEY COMMUNITY Credit Union,,,,no_match
FEDERATED EMPLOYEES Credit Union,,,,no_match
ONE DETROIT Credit Union,,,,no_match
WVU EMPLOYEES Credit Union,,,,no_match
UNITED EMPLOYEES Credit Union,,,,no_match
DELTA SCHOOLS Credit Union,,,,no_match
MILL TOWN Credit Union,,,,no_match
FIVE STAR OF MARYLAND Credit Union,,,,no_match
C C S E Credit Union,,,,no_match
ATLANTIC CITY ELECTRIC CO EMP Credit Union,,,,no_match
FINANCIAL SECURITY Credit Union,,,,no_match
DFCU TULSA Credit Union,,,,no_match
FOCUS Credit Union,,,,no_match
LINCOLN PARK COMMUNITY Credit Union,,,,no_match
MOHAVE COMMUNITY Credit Union,,,,no_match
LA JOYA AREA Credit Union,,,,no_match
KAUAI OHANA Credit Union,,,,no_match
BARAGA COUNTY Credit Union,,,,no_match
MILLARD COUNTY Credit Union,,,,no_match
LOUDOUN CREDIT UNION Credit Union,,,,no_match
POST OFFICE EMPLOYEES Credit Union,,,,no_match
KINGS PEAK Credit Union,,,,no_match
EDUCATION 1ST Credit Union,,,,no_match
RIMROCK Credit Union,,,,no_match
LM Credit Union,,,,no_match
CALCASIEU TEACHERS AND EMPLOYEES Credit Union,,,,no_match
COSDEN Credit Union,,,,no_match
EDDY Credit Union,,,,no_match
PITNEY BOWES EMPLOYEES Credit Union,,,,no_match
VISION FINANCIAL Credit Union,,,,no_match
UNIVERSITY OF LOUISIANA Credit Union,,,,no_match
ALCO Credit Union,,,,no_match
MERHO Credit Union,,,,no_match
TOPMARK Credit Union,,,,no_match
AMERICAN LAKE Credit Union,,,,no_match
TOLEDO METRO Credit Union,,,,no_match
FIRST PIONEERS Credit Union,,,,no_match
SUMMIT Credit Union,,,,no_match
SAN JUAN MOUNTAINS Credit Union,,,,no_match
SACRED HEART PARISH HALLETTSVILLE Credit Union,,,,no_match
SECURED ADVANTAGE Credit Union,,,,no_match
PITTSBURGH CITY HALL EMPLOYEES Credit Union,,,,no_match
GREEN RIVER AREA Credit Union,,,,no_match
SELECT Credit Union,,,,no_match
REMINGTON Credit Union,,,,no_match
MORRISONS COVE 1ST Credit Union,,,,no_match
MOUNTAIN VALLEY Credit Union,,,,no_match
BIG SPRING EDUCATION EMPLOYEES Credit Union,,,,no_match
MOHAWK VALLEY Credit Union,,,,no_match
ACCLAIM Credit Union,,,,no_match
NORDSTROM Credit Union,,,,no_match
METCO Credit Union,,,,no_match
YONKERS TEACHERS Credit Union,,,,no_match
FARGO PUBLIC SCHOOLS Credit Union,,,,no_match
BATON ROUGE CITY PARISH EMP Credit Union,,,,no_match
MOKELUMNE Credit Union,,,,no_match
ARK VALLEY Credit Union,,,,no_match
NEW CENTURY Credit Union,,,,no_match
FIRST STREET Credit Union,,,,no_match
FINANCIAL PARTNERS Credit Union,,,,no_match
NOTRE DAME COMMUNITY Credit Union,,,,no_match
TLCU FINANCIAL Credit Union,,,,no_match
RIVERSIDE COMMUNITY Credit Union,,,,no_match
PRIORITY Credit Union,,,,no_match
GRATIOT COMMUNITY Credit Union,,,,no_match
STRIP STEEL COMMUNITY Credit Union,,,,no_match
MY Credit Union,,,,no_match
SHARE ADVANTAGE Credit Union,,,,no_match
UNITED NORTHWEST Credit Union,,,,no_match
EDUCATIONAL AND GOVERNMENTAL Credit Union,,,,no_match
PENNSTAR Credit Union,,,,no_match
VERITAS Credit Union,,,,no_match
LIFETIME Credit Union,,,,no_match
FRATERNAL ORDER OF POLICE Credit Union,,,,no_match
UNITED TRADES Credit Union,,,,no_match
NEWPORT NEWS MUN. EMP CREDIT UNION Credit Union,,,,no_match
GREATER EASTERN Credit Union,,,,no_match
BLUE MOUNTAIN Credit Union,,,,no_match
OSWEGO TEACHERS EMPLOYEES Credit Union,,,,no_match
BROOKLYN COOPERATIVE Credit Union,,,,no_match
UNIVERSITY OF SOUTH ALABAMA Credit Union,,,,no_match
TOTAL CHOICE Credit Union,,,,no_match
JACOM Credit Union,,,,no_match
HUNTINGTON BEACH Credit Union,,,,no_match
HEALTHNET Credit Union,,,,no_match
KUE Credit Union,,,,no_match
RESOURCE Credit Union,,,,no_match
EVERGLADES Credit Union,,,,no_match
VAN CORTLANDT COOPERATIVE Credit Union,,,,no_match
FELLOWSHIP Credit Union,,,,no_match
CITY PUBLIC SERVICE/IBEW Credit Union,,,,no_match
OLYMPIA Credit Union,,,,no_match
TOLEDO POLICE Credit Union,,,,no_match
FEDTRUST Credit Union,,,,no_match
SPIRIT OF AMERICA Credit Union,,,,no_match
LANCASTER RED ROSE Credit Union,,,,no_match
WYOMING VALLEY EDUCATIONAL EMPL Credit Union,,,,no_match
ROCKLAND EMPLOYEES Credit Union,,,,no_match
ACME CONTINENTAL Credit Union,,,,no_match
JOPLIN METRO Credit Union,,,,no_match
EMPOWER BLUE Credit Union,,,,no_match
SEVENFOLD Credit Union,,,,no_match
CHARLOTTE FIRE DEPARTMENT Credit Union,,,,no_match
GALESBURG BURLINGTON Credit Union,,,,no_match
L. A. ELECTRICAL WORKERS CREDIT UN. Credit Union,,,,no_match
CUTTING EDGE Credit Union,,,,no_match
BAPTIST Credit Union,,,,no_match
CENTRAL WISCONSIN Credit Union,,,,no_match
SCHOOLSFIRST Credit Union,,,,no_match
AMERICA FIRST Credit Union,,,,no_match
MOUNTAIN AMERICA Credit Union,,,,no_match
THE GOLDEN 1 Credit Union,,,,no_match
RANDOLPH-BROOKS Credit Union,,,,no_match
SECURITY SERVICE Credit Union,,,,no_match
FOURLEAF Credit Union,,,,no_match
GREENSTATE Credit Union,,,,no_match
TEACHERS Credit Union,,,,no_match
EASTMAN Credit Union,,,,no_match
ENT Credit Union,,,,no_match
REDWOOD Credit Union,,,,no_match
ONPOINT COMMUNITY Credit Union,,,,no_match
PATELCO Credit Union,,,,no_match
BROADVIEW Credit Union,,,,no_match
PENNSYLVANIA STATE EMPLOYEES Credit Union,,,,no_match
STAR ONE Credit Union,,,,no_match
BELLCO Credit Union,,,,no_match
VERIDIAN Credit Union,,,,no_match
CITIZENS EQUITY FIRST Credit Union,,,,no_match
HUDSON VALLEY Credit Union,,,,no_match
VIRGINIA Credit Union,,,,no_match
BANK FUND STAFF Credit Union,,,,no_match
CITADEL Credit Union,,,,no_match
BAXTER Credit Union,,,,no_match
UNIVERSITY OF WISCONSIN Credit Union,,,,no_match
TINKER Credit Union,,,,no_match
NASA Credit Union,,,,no_match
TRUSTONE FINANCIAL Credit Union,,,,no_match
LANGLEY Credit Union,,,,no_match
COMMUNITYAMERICA Credit Union,,,,no_match
APPLE Credit Union,,,,no_match
TRULIANT Credit Union,,,,no_match
EDUCATIONAL EMPLOYEES Credit Union,,,,no_match
STATE FARM Credit Union,,,,no_match
WASHINGTON STATE EMPLOYEES Credit Union,,,,no_match
KEESLER Credit Union,,,,no_match
CHEVRON Credit Union,,,,no_match
KNOXVILLE TVA EMPLOYEES Credit Union,,,,no_match
TEXAS DOW EMPLOYEES Credit Union,,,,no_match
CANVAS Credit Union,,,,no_match
NUSENDA Credit Union,,,,no_match
TOWER Credit Union,,,,no_match
MUNICIPAL Credit Union,,,,no_match
RALLY Credit Union,,,,no_match
ASCEND Credit Union,,,,no_match
ORNL Credit Union,,,,no_match
TECHNOLOGY Credit Union,,,,no_match
SUNWARD Credit Union,,,,no_match
JOVIA FINANCIAL Credit Union,,,,no_match
GECU Credit Union,,,,no_match
SAFE Credit Union,,,,no_match
PEAK Credit Union,,,,no_match
UNIVERSITY Credit Union,,,,no_match
NUMERICA Credit Union,,,,no_match
MICHIGAN SCHOOLS AND GOVERNMENT Credit Union,,,,no_match
CONNEXUS Credit Union,,,,no_match
COVANTAGE Credit Union,,,,no_match
VALLEY STRONG Credit Union,,,,no_match
GOLDENWEST Credit Union,,,,no_match
ROGUE Credit Union,,,,no_match
GROW FINANCIAL Credit Union,,,,no_match
CAMPUS USA Credit Union,,,,no_match
ARIZONA FINANCIAL Credit Union,,,,no_match
CREDIT UNION OF SOUTHERN CALIFORNIA Credit Union,,,,no_match
PROVIDENT Credit Union,,,,no_match
ALL IN Credit Union,,,,no_match
DUPACO COMMUNITY Credit Union,,,,no_match
SOUTHERN ENERGY Credit Union,,,,no_match
TRUMARK FINANCIAL Credit Union,,,,no_match
INDIANA MEMBERS Credit Union,,,,no_match
UNIFY FINANCIAL Credit Union,,,,no_match
CALIFORNIA COAST Credit Union,,,,no_match
PREMIER AMERICA Credit Union,,,,no_match
USALLIANCE Credit Union,,,,no_match
RIVERMARK COMMUNITY Credit Union,,,,no_match
WHATCOM EDUCATIONAL Credit Union,,,,no_match
EASTRISE Credit Union,,,,no_match
ACHIEVA CREDIT UNION Credit Union,,,,no_match
TENNESSEE VALLEY Credit Union,,,,no_match
HARBORSTONE Credit Union,,,,no_match
STATE DEPARTMENT Credit Union,,,,no_match
SELCO COMMUNITY Credit Union,,,,no_match
FIRST COMMUNITY Credit Union,,,,no_match
OREGON STATE Credit Union,,,,no_match
ARKANSAS Credit Union,,,,no_match
CAPITAL Credit Union,,,,no_match
THREE RIVERS Credit Union,,,,no_match
BAYPORT Credit Union,,,,no_match
CREDIT UNION OF TEXAS Credit Union,,,,no_match
JSC Credit Union,,,,no_match
PEN AIR Credit Union,,,,no_match
PARTNERS Credit Union,,,,no_match
ARROWHEAD Credit Union,,,,no_match
TTCU Credit Union,,,,no_match
HUGHES Credit Union,,,,no_match
"CREDIT UNION OF COLORADO, A Credit Union",,,,no_match
ABOUND Credit Union,,,,no_match
AMERICAN EAGLE FINANCIAL Credit Union,,,,no_match
A+ Credit Union,,,,no_match
FLORIDA Credit Union,,,,no_match
ABERDEEN PROVING GROUND Credit Union,,,,no_match
SOUTH CAROLINA Credit Union,,,,no_match
COLUMBIA COMMUNITY Credit Union,,,,no_match
DOW Credit Union,,,,no_match
WORKERS Credit Union,,,,no_match
ELEMENTS FINANCIAL Credit Union,,,,no_match
KITSAP Credit Union,,,,no_match
L & N Credit Union,,,,no_match
ALLEGACY Credit Union,,,,no_match
FIREFIGHTERS FIRST Credit Union,,,,no_match
TEXANS Credit Union,,,,no_match
ADVANCIAL Credit Union,,,,no_match
KEMBA FINANCIAL Credit Union,,,,no_match
SELF-HELP Credit Union,,,,no_match
LGE COMMUNITY Credit Union,,,,no_match
CREDIT UNION 1 Credit Union,,,,no_match
BLACK HILLS Credit Union,,,,no_match
ITHINK FINANCIAL Credit Union,,,,no_match
FORUM Credit Union,,,,no_match
MAX Credit Union,,,,no_match
CENTRA Credit Union,,,,no_match
COMMUNICATION Credit Union,,,,no_match
I. H. MISSISSIPPI VALLEY Credit Union,,,,no_match
IQ Credit Union,,,,no_match
MERIWEST Credit Union,,,,no_match
CALTECH EMPLOYEES Credit Union,,,,no_match
LBS FINANCIAL Credit Union,,,,no_match
WESTERRA Credit Union,,,,no_match
CANYON VIEW Credit Union,,,,no_match
ALABAMA Credit Union,,,,no_match
TEXAS TRUST Credit Union,,,,no_match
WHITEFISH CREDIT UNION ASSOCIATION Credit Union,,,,no_match
SRP Credit Union,,,,no_match
DUPONT COMMUNITY Credit Union,,,,no_match
INDIANA UNIVERSITY Credit Union,,,,no_match
SHELL Credit Union,,,,no_match
CYPRUS Credit Union,,,,no_match
TYNDALL Credit Union,,,,no_match
FRANKLIN MINT Credit Union,,,,no_match
MONTERRA Credit Union,,,,no_match
SEVEN SEVENTEEN Credit Union,,,,no_match
COASTHILLS Credit Union,,,,no_match
FIBRE Credit Union,,,,no_match
DATCU Credit Union,,,,no_match
CREDIT UNION ONE Credit Union,,,,no_match
CREDIT UNION OF AMERICA Credit Union,,,,no_match
GREATER NEVADA Credit Union,,,,no_match
GREYLOCK Credit Union,,,,no_match
TRUWEST Credit Union,,,,no_match
UNITED HERITAGE Credit Union,,,,no_match
PUBLIX EMPLOYEES Credit Union,,,,no_match
OPERATING ENGINEERS LOCAL UNION #3 Credit Union,,,,no_match
MID-HUDSON VALLEY Credit Union,,,,no_match
SKYLA Credit Union,,,,no_match
NORTHROP GRUMMAN Credit Union,,,,no_match
WESTMARK Credit Union,,,,no_match
"VERVE, A CREDIT UNION Credit Union",,,,no_match
RED RIVER EMPLOYEES Credit Union,,,,no_match
COLLINS COMMUNITY Credit Union,,,,no_match
VIBE Credit Union,,,,no_match
CAPITAL EDUCATORS Credit Union,,,,no_match
FRANKENMUTH Credit Union,,,,no_match
SIERRA CENTRAL Credit Union,,,,no_match
UTILITIES EMPLOYEES Credit Union,,,,no_match
MARION AND POLK SCHOOLS Credit Union,,,,no_match
COMMUNITY FINANCIAL Credit Union,,,,no_match
WEBSTER FIRST Credit Union,,,,no_match
WEOKIE Credit Union,,,,no_match
U.S. EAGLE Credit Union,,,,no_match
BEGINNINGS Credit Union,,,,no_match
COMMUNITY CREDIT UNION OF FLORIDA Credit Union,,,,no_match
SAN FRANCISCO Credit Union,,,,no_match
VENTURA COUNTY Credit Union,,,,no_match
AMOCO Credit Union,,,,no_match
GREAT LAKES Credit Union,,,,no_match
PALMETTO CITIZENS Credit Union,,,,no_match
ALOHA PACIFIC Credit Union,,,,no_match
FIRST COMMONWEALTH Credit Union,,,,no_match
LISTERHILL Credit Union,,,,no_match
S. C. STATE Credit Union,,,,no_match
DEL NORTE Credit Union,,,,no_match
SHARON & CRESCENT UNITED Credit Union,,,,no_match
UNIVERSITY OF MICHIGAN Credit Union,,,,no_match
AVADIAN Credit Union,,,,no_match
SHARONVIEW Credit Union,,,,no_match
TELHIO Credit Union,,,,no_match
SANDIA AREA Credit Union,,,,no_match
DIRECTIONS Credit Union,,,,no_match
FARMERS INSURANCE Credit Union,,,,no_match
CREDIT UNION WEST Credit Union,,,,no_match
NEIGHBORS Credit Union,,,,no_match
PACIFIC SERVICE Credit Union,,,,no_match
STATE EMPLOYEES Credit Union,,,,no_match
USF FEDERAL CREDIT UNION Credit Union,,,,no_match
ORION Credit Union,,,,no_match
FORT WORTH COMMUNITY Credit Union,,,,no_match
LOS ANGELES Credit Union,,,,no_match
LEADERS CREDIT UNION Credit Union,,,,no_match
AMPLIFY Credit Union,,,,no_match
WRIGHT PATMAN CONGRESSIONAL Credit Union,,,,no_match
PATRIOT Credit Union,,,,no_match
NOTRE DAME Credit Union,,,,no_match
RIZE Credit Union,,,,no_match
MUNICIPAL EMPL.CREDIT UNION OF BALT Credit Union,,,,no_match
GULF WINDS Credit Union,,,,no_match
1ST UNITED Credit Union,,,,no_match
TRUITY Credit Union,,,,no_match
FIVE STAR Credit Union,,,,no_match
QUORUM Credit Union,,,,no_match
FIRSTMARK Credit Union,,,,no_match
DESERET FIRST Credit Union,,,,no_match
HARVARD Credit Union,,,,no_match
EFCU FINANCIAL Credit Union,,,,no_match
SUNMARK Credit Union,,,,no_match
SESLOC Credit Union,,,,no_match
CREDIT UNION OF DENVER Credit Union,,,,no_match
SIDNEY Credit Union,,,,no_match
DUTRAC COMMUNITY Credit Union,,,,no_match
RAVE FINANCIAL  Credit Union,,,,no_match
RED CANOE Credit Union,,,,no_match
MEMBERS COOPERATIVE Credit Union,,,,no_match
VIBRANT Credit Union,,,,no_match
FIRST COMMERCE Credit Union,,,,no_match
SALAL Credit Union,,,,no_match
AMERICAN FIRST Credit Union,,,,no_match
REV Credit Union,,,,no_match
BLUPEAK Credit Union,,,,no_match
LAFCU Credit Union,,,,no_match
CRANE Credit Union,,,,no_match
JUSTICE Credit Union,,,,no_match
NEIGHBORHOOD Credit Union,,,,no_match
ATLANTIC REGIONAL Credit Union,,,,no_match
PEACH STATE Credit Union,,,,no_match
NORTH COUNTRY Credit Union,,,,no_match
NECHES Credit Union,,,,no_match
MARINE Credit Union,,,,no_match
LATINO COMMUNITY Credit Union,,,,no_match
1ST ADVANTAGE Credit Union,,,,no_match
VELOCITY Credit Union,,,,no_match
HFS Credit Union,,,,no_match
MAZUMA Credit Union,,,,no_match
4FRONT Credit Union,,,,no_match
VERMONT Credit Union,,,,no_match
RAIZ Credit Union,,,,no_match
MCCOY Credit Union,,,,no_match
BRIGHTSTAR Credit Union,,,,no_match
MIRASTAR Credit Union,,,,no_match
GOLDEN PLAINS Credit Union,,,,no_match
WESTBY CO-OP Credit Union,,,,no_match
ABNB Credit Union,,,,no_match
WESTREET Credit Union,,,,no_match
ALTAONE Credit Union,,,,no_match
PEOPLE FIRST Credit Union,,,,no_match
GREATER TEXAS Credit Union,,,,no_match
ENRICHMENT Credit Union,,,,no_match
POWER FINANCIAL Credit Union,,,,no_match
UNIVERSITY OF HAWAII Credit Union,,,,no_match
FIRST CITY Credit Union,,,,no_match
KELLOGG COMMUNITY Credit Union,,,,no_match
ALPENA-ALCONA AREA Credit Union,,,,no_match
FORTERA Credit Union,,,,no_match
COMMUNITY RESOURCE Credit Union,,,,no_match
BLACKHAWK COMMUNITY Credit Union,,,,no_match
TLC COMMUNITY Credit Union,,,,no_match
CAMPUS Credit Union,,,,no_match
RADIANT Credit Union,,,,no_match
QUALSTAR Credit Union,,,,no_match
GATHER Credit Union,,,,no_match
NUMARK Credit Union,,,,no_match
TUCSON Credit Union,,,,no_match
TEXAS BAY Credit Union,,,,no_match
DAY AIR Credit Union,,,,no_match
ARDENT Credit Union,,,,no_match
OCEANAIR Credit Union,,,,no_match
COMMUNITYWIDE Credit Union,,,,no_match
MERCED SCHOOL EMPLOYEES Credit Union,,,,no_match
MAINE SAVINGS Credit Union,,,,no_match
SOUTHWEST AIRLINES Credit Union,,,,no_match
ENVISION Credit Union,,,,no_match
SOLARITY Credit Union,,,,no_match
THE PEOPLES Credit Union,,,,no_match
OTERO Credit Union,,,,no_match
PROPONENT Credit Union,,,,no_match
LEBANON Credit Union,,,,no_match
LIBERTY FIRST Credit Union,,,,no_match
CAROLINAS TELCO Credit Union,,,,no_match
FIRST NEW YORK Credit Union,,,,no_match
WESTERLY COMMUNITY Credit Union,,,,no_match
REVITY Credit Union,,,,no_match
PCM Credit Union,,,,no_match
WESTERN COOPERATIVE Credit Union,,,,no_match
LEVO Credit Union,,,,no_match
TRAX Credit Union,,,,no_match
MUTUAL Credit Union,,,,no_match
TELCOE Credit Union,,,,no_match
TOPSIDE Credit Union,,,,no_match
VELOCITY COMMUNITY Credit Union,,,,no_match
GENCO Credit Union,,,,no_match
TAMPA BAY Credit Union,,,,no_match
LAND OF LINCOLN Credit Union,,,,no_match
MAUI COUNTY Credit Union,,,,no_match
HEALTHCARE ASSOCIATES Credit Union,,,,no_match
AEROSPACE Credit Union,,,,no_match
MIDSOUTH COMMUNITY Credit Union,,,,no_match
HOLY ROSARY Credit Union,,,,no_match
JOLT Credit Union,,,,no_match
NIZARI PROGRESSIVE Credit Union,,,,no_match
CENTURY Credit Union,,,,no_match
DIRIGO Credit Union,,,,no_match
CME Credit Union,,,,no_match
WIDGET Credit Union,,,,no_match
LOC Credit Union,,,,no_match
WINSOUTH Credit Union,,,,no_match
FIRST HARVEST Credit Union,,,,no_match
AOD Credit Union,,,,no_match
FEDCHOICE Credit Union,,,,no_match
CASCADE COMMUNITY Credit Union,,,,no_match
TRONA VALLEY COMMUNITY Credit Union,,,,no_match
CANTON SCHOOL EMPLOYEES Credit Union,,,,no_match
WMCU Credit Union,,,,no_match
CDC Credit Union,,,,no_match
PUBLIC EMPLOYEES Credit Union,,,,no_match
TEXAS TECH Credit Union,,,,no_match
OUACHITA VALLEY Credit Union,,,,no_match
802 Credit Union,,,,no_match
INFUZE Credit Union,,,,no_match
CU HAWAII Credit Union,,,,no_match
COLORADO Credit Union,,,,no_match
WHEELHOUSE Credit Union,,,,no_match
CHESSIE Credit Union,,,,no_match
DEXSTA Credit Union,,,,no_match
SOUTHEASTERN Credit Union,,,,no_match
UKRAINIAN Credit Union,,,,no_match
ESSENTIAL Credit Union,,,,no_match
MEMBERSFIRST Credit Union,,,,no_match
AMERICAN SOUTHWEST Credit Union,,,,no_match
NORTH COAST Credit Union,,,,no_match
RHODE ISLAND Credit Union,,,,no_match
HIGH POINT Credit Union,,,,no_match
DENVER COMMUNITY CU D.B.A. ZING CU Credit Union,,,,no_match
ASHLAND Credit Union,,,,no_match
CAROLINA TRUST Credit Union,,,,no_match
WAUNA Credit Union,,,,no_match
ALCOA TENN Credit Union,,,,no_match
TVA COMMUNITY CREDIT UNION Credit Union,,,,no_match
WHITE SANDS Credit Union,,,,no_match
WYHY Credit Union,,,,no_match
FORT COMMUNITY Credit Union,,,,no_match
OCEAN FINANCIAL Credit Union,,,,no_match
HONOLULU Credit Union,,,,no_match
FIRST COMMUNITY CU OF BELOIT Credit Union,,,,no_match
INDUSTRIAL CU OF WHATCOM COUNTY Credit Union,,,,no_match
TEN Credit Union,,,,no_match
HOUSTON TEXAS FIRE FIGHTERS Credit Union,,,,no_match
ACADIA Credit Union,,,,no_match
IAA Credit Union,,,,no_match
AVENIR FINANCIAL Credit Union,,,,no_match
CO-OP CREDIT UNION OF MONTEVIDEO Credit Union,,,,no_match
SEA WEST COAST GUARD Credit Union,,,,no_match
FORT SILL Credit Union,,,,no_match
NAVIGATOR Credit Union,,,,no_match
SKYWARD Credit Union,,,,no_match
PACIFIC CREST Credit Union,,,,no_match
WEPCO Credit Union,,,,no_match
CY-FAIR Credit Union,,,,no_match
TBA Credit Union,,,,no_match
SIGNAL FINANCIAL Credit Union,,,,no_match
EAGLE COMMUNITY Credit Union,,,,no_match
SIGNET Credit Union,,,,no_match
MATADORS COMMUNITY Credit Union,,,,no_match
WEST-AIRCOMM Credit Union,,,,no_match
UNISON Credit Union,,,,no_match
TRUSTAR Credit Union,,,,no_match
HERITAGE SOUTH COMMUNITY CU Credit Union,,,,no_match
MASS BAY Credit Union,,,,no_match
MISSOURI ELECTRIC COOPERATIVES EMPL Credit Union,,,,no_match
PEOPLESCHOICE Credit Union,,,,no_match
MEMBERS 1ST Credit Union,,,,no_match
MUTUAL SECURITY Credit Union,,,,no_match
ALLEGIANCE Credit Union,,,,no_match
OXFORD Credit Union,,,,no_match
FIRST CAPITAL Credit Union,,,,no_match
OUR Credit Union,,,,no_match
FIRST BASIN Credit Union,,,,no_match
WATERBURY CONNECTICUT TEACHERS Credit Union,,,,no_match
PLATINUM Credit Union,,,,no_match
AGRICULTURE Credit Union,,,,no_match
PENINSULA Credit Union,,,,no_match
"BEACON CREDIT UNION, INCORPORATED Credit Union",,,,no_match
SAG-AFTRA Credit Union,,,,no_match
TRANSPORTATION Credit Union,,,,no_match
SOLIDARITY COMMUNITY Credit Union,,,,no_match
MEMBERS PLUS Credit Union,,,,no_match
C-PLANT Credit Union,,,,no_match
MONTANA Credit Union,,,,no_match
HUDSON RIVER COMMUNITY Credit Union,,,,no_match
UME Credit Union,,,,no_match
LIBRARY OF CONGRESS Credit Union,,,,no_match
GREAT PLAINS Credit Union,,,,no_match
UNITED FINANCIAL Credit Union,,,,no_match
OLD HICKORY Credit Union,,,,no_match
TUCOEMAS Credit Union,,,,no_match
STRATA Credit Union,,,,no_match
CLOVERBELT Credit Union,,,,no_match
OCEAN STATE Credit Union,,,,no_match
US COMMUNITY Credit Union,,,,no_match
MICHIGAN UNITED Credit Union,,,,no_match
NASSAU FINANCIAL Credit Union,,,,no_match
ACTORS Credit Union,,,,no_match
INROADS Credit Union,,,,no_match
GULF Credit Union,,,,no_match
DOWNEY Credit Union,,,,no_match
MASSMUTUAL Credit Union,,,,no_match
FIRST NORTHERN Credit Union,,,,no_match
EVOLVE Credit Union,,,,no_match
PAHO/WHO Credit Union,,,,no_match
ELKO Credit Union,,,,no_match
WEST VIRGINIA CENTRAL Credit Union,,,,no_match
NEBRASKA ENERGY Credit Union,,,,no_match
TRUGROCER Credit Union,,,,no_match
SYNERGY Credit Union,,,,no_match
MINNESOTA VALLEY Credit Union,,,,no_match
INTREPID Credit Union,,,,no_match
DOWNEAST Credit Union,,,,no_match
SOO CO-OP Credit Union,,,,no_match
DANNEMORA Credit Union,,,,no_match
360 Credit Union,,,,no_match
MEMBERS FIRST CREDIT UNION OF FLORI Credit Union,,,,no_match
